<?xml version="1.0" encoding="UTF-8"?>
<addon id="repository.chibo" name="ChiBo Add-ons" provider-name="ChiBo Add-ons" version="1.0.0">
  <extension point="xbmc.addon.repository" name="Chibo Add-ons Repository">
    <info compressed="false">https://github.com/pewolfe/Leviticus/master/addons.xml</info>
    <checksum>https://https://github.com/pewolfe/Leviticus/master/addons.xml.md5</checksum>
    <datadir zip="true">https://github.com/pewolfe/Leviticus/master/</datadir>
  </extension>
  <extension point="xbmc.addon.metadata">
    <summary>Install ChiBo Add-ons</summary>
    <description>Download and install add-ons from the ChiBo Add-ons repository. See http:// for more information.</description>
    <platform>all</platform>
  </extension>
</addon>
