<?xml version="1.0" encoding="UTF-8" standalone="yes"?>
<addon id="plugin.video.leviticus" 
	version="1.2.25" 
	name="[COLOR khaki]LEVITICUS[/COLOR]" 
	provider-name="[COLOR khaki]LEVITICUS[/COLOR]">
	<requires>
		<import addon="xbmc.python" version="2.19.0" />
		<import addon="script.module.leviticus" />
		<import addon="repository.chibo" version="1.0.0" />
		<import addon="repository.exodusredux" version="0.0.7" />
		<import addon="script.leviticus.artwork" version="1.0.1" />
		<import addon="script.leviticus.metadata" version="1.0.0" />
		<import addon="script.module.resolveurl" version="5.0.0" />
		<import addon="script.module.requests" />
		<import addon="script.module.openscrapers" />
		<import addon="script.module.metahandler" version="1.0.0" />
	</requires>
	<extension point="xbmc.python.pluginsource" library="leviticus.py">
		<provides>video</provides>
	</extension>
	<extension point="xbmc.service" library="service.py" start="startup" />
	<extension point="xbmc.addon.metadata">
		<summary lang="en">LEVITICUS</summary>
		<description lang="en">[I]A New Generation[/I][CR][CR][B]LEVITICUS Movies and TV[/B][CR][CR]This addon does not form part of the Kodi Media Centre. Please do not seek assistance with this addon from any of the Official Kodi Support Channels.[CR][CR]The author does not host any of the content in this addon and takes no responsibility for content found.</description>
		<platform>all</platform>
		<license>GNU GENERAL PUBLIC LICENSE. Version 3, 29 June 2007</license>
		<forum></forum>
		<website></website>
		<source></source>
		<disclaimer lang="en">The author of this addon do not host any of the content which is found and have no affiliation with any of the content providers. This addon simply searches websites for content. Use at your own risk!</disclaimer>
		<assets>
			<news>Covenant is now rebranded by LEVITICUS.[CR]Will continue to work on this! I am a Noob dev, who wants to cooperate with other devs to preserve KODI add-ons.[CR]Looking for a home? We can help u out. Contact us!</news>
			<email>pewkodi@github.io</email>
			<icon>icon.png</icon>
			<fanart>fanart.jpg</fanart>
    			<screenshot>resources/screenshots/screenshot-01.jpg</screenshot>
    			<screenshot>resources/screenshots/screenshot-02.jpg</screenshot>
    			<screenshot>resources/screenshots/screenshot-03.jpg</screenshot>
		</assets>
		<news></news>
	</extension>
</addon>
