<?xml version="1.0" encoding="UTF-8"?>
<addon id="repository.chibo" name="ChiBo Add-ons" provider-name="ChiBo Add-ons" version="1.0.11">
  <extension point="xbmc.addon.repository" name="Chibo Add-ons Repository">
    <dir>
    <info compressed="false">https://raw.githubusercontent.com/pewkodi/Leviticus/master/addons.xml</info>
    <checksum>https://raw.githubusercontent.com/pewkodi/Leviticus/master/addons.xml.md5</checksum>
    <datadir zip="true">https://raw.githubusercontent.com/pewkodi/Leviticus/master/</datadir>
    </dir>
    <dir>
    <info compressed="false">https://raw.githubusercontent.com/jsergio123/zips/master/addons.xml</info>
    <checksum>https://raw.githubusercontent.com/jsergio123/zips/master/addons.xml.md5</checksum>
    <datadir zip="true">https://raw.githubusercontent.com/jsergio123/zips/master/</datadir>
    </dir>
    <dir>
    <info compressed="false">https://raw.githubusercontent.com/a4k-openproject/repository.openscrapers/master/zips/addons.xml</info>
    <checksum>https://raw.githubusercontent.com/a4k-openproject/repository.openscrapers/master/zips/addons.xml.md5</checksum>
    <datadir zip="true">https://raw.githubusercontent.com/a4k-openproject/repository.openscrapers/master/zips/</datadir>
    </dir>
    <dir>
    <info compressed="false">https://raw.githubusercontent.com/nixgates/nixgates/master/packages/addons.xml</info>
    <checksum>https://raw.githubusercontent.com/nixgates/nixgates/master/packages/addons.xml.md5</checksum>
    <datadir zip="true">https://raw.githubusercontent.com/nixgates/nixgates/master/packages</datadir>
    </dir>
    <dir>
    <info compressed="false">https://raw.githubusercontent.com/a4k-openproject/repository.openmeta/master/zips/addons.xml</info>
    <checksum>https://raw.githubusercontent.com/a4k-openproject/repository.openmeta/master/zips/addons.xml.md5</checksum>
    <datadir zip="true">https://raw.githubusercontent.com/a4k-openproject/repository.openmeta/master/zips/</datadir>
    </dir>
    <dir>
    <info compressed="false">https://raw.githubusercontent.com/marcelveldt/repository.marcelveldt/master/addons.xml</info>
    <checksum>https://raw.githubusercontent.com/marcelveldt/repository.marcelveldt/master/addons.xml.md5</checksum>
    <datadir zip="true">https://raw.githubusercontent.com/marcelveldt/repository.marcelveldt/master/</datadir>
    </dir>
   <dir>
   <info compressed="false">https://raw.githubusercontent.com/Tikipeter/repository.tikipeter/master/addons.xml</info>
   <checksum>https://raw.githubusercontent.com/Tikipeter/repository.tikipeter/master/addons.xml.md5</checksum>
   <datadir zip="true">https://raw.githubusercontent.com/Tikipeter/repository.tikipeter/master/zip</datadir>
   </dir>    
  </extension>
  <extension point="xbmc.addon.metadata">
    <summary>Install ChiBo Add-ons</summary>
    <description>Download and install add-ons from the ChiBo Add-ons repository. See http:// for more information.</description>
    <platform>all</platform>
  </extension>
</addon>
